fecha,tipo_institucion,roa,roe,morosidad,tamano_activo,ratio_eficiencia_operativa,margen_financiero_neto
2015-01-01,Banca Múltiple,2.0291453784736566,20.557654994377348,2.58,151247426.53099996,37.67228318114596,1073571.19564
2015-01-01,Cajas Municipales,1.77022768144024,13.257594324397779,6.65,15072684.712450001,61.2358252274044,150651.25294
2015-02-01,Banca Múltiple,2.051825544130165,20.746981976463484,2.58,152212915.72599998,42.40598378667567,1878386.3949100003
2015-02-01,Cajas Municipales,1.8097321277966043,13.5022618078361,7.36,15084743.91836,61.145145169997065,291602.7006200001
2015-03-01,Banca Múltiple,2.0698362094688636,20.90925969795751,2.54,162683563.725,41.49309554524308,2926935.4869500003
2015-03-01,Cajas Municipales,1.888499898837293,14.033659577901092,6.41,15062912.341140002,61.100681328975206,451567.04205
2015-04-01,Banca Múltiple,2.0933087332005225,21.145435630761526,2.6,164909193.62800002,42.250707556016245,3786176.7221900006
2015-04-01,Cajas Municipales,1.9127646017575353,14.153748839589253,6.54,15039608.169239998,61.35687269220128,604620.64341
2015-05-01,Banca Múltiple,2.165626777204548,21.898853229505814,2.67,168191134.88299996,42.67287622315174,4698377.392949998
2015-05-01,Cajas Municipales,1.9510943394614177,14.391210367650547,6.76,15388940.577359999,61.36610854983484,761170.5762799999
2015-06-01,Banca Múltiple,2.1686007023918394,21.945877443927678,2.69,169826660.82599998,42.87663210455413,5624544.84358
2015-06-01,Cajas Municipales,2.015887053435432,14.861650488838185,6.6,16115125.97508,61.2943039999811,916280.16006
2015-07-01,Banca Múltiple,2.1467378554747905,21.761620991988774,2.73,175747985.31599998,43.13409517972043,6637690.44046
2015-07-01,Cajas Municipales,2.0151927240260754,14.852215325238227,6.45,16148305.44184,61.12137637358456,1069987.6156900001
2015-08-01,Banca Múltiple,2.172764390724062,22.103267739024822,2.7,176870685.30400002,42.79209879556258,7682293.570549998
2015-08-01,Cajas Municipales,2.041917527298336,15.03642197500733,6.55,15979944.005369999,61.16455282096154,1230415.68486
2015-09-01,Banca Múltiple,2.151256495090363,21.957480303472966,2.58,183806571.475,42.85745459927626,8724436.962140003
2015-09-01,Cajas Municipales,2.0012049787370634,14.734497186364242,6.52,16212184.762570003,61.36703083173488,1389802.2657899999
2015-10-01,Banca Múltiple,2.1372409691013012,21.91246548267964,2.65,186840503.77200004,42.78087684797868,9824361.00662
2015-10-01,Cajas Municipales,2.0059837663099116,14.768395579389953,6.56,16370096.969549999,61.56813239013601,1554614.7820599999
2015-11-01,Banca Múltiple,2.134595129182538,22.001250642094355,2.62,190075551.69399998,42.75465568824893,10910794.70386
2015-11-01,Cajas Municipales,1.9672366038951035,14.489997305819735,6.6,16651568.224580001,61.47035805551554,1718776.3048599998
2015-12-01,Banca Múltiple,2.1391549486552237,22.12643458290136,2.54,190789307.5,43.027634383329605,12092898.809549998
2015-12-01,Cajas Municipales,1.9720811646266803,14.521203490776513,5.96,16671851.094890002,61.253232095566766,1906923.0360999997
2016-01-01,Banca Múltiple,2.0610758408987397,21.350899692714883,2.64,192976085.328,41.93615207389939,1206961.8305100002
2016-01-01,Cajas Municipales,1.9682421111416135,14.46988986092964,6.5,16468896.675399998,61.24025600614659,164780.46340000004
2016-02-01,Banca Múltiple,2.0632906947227023,21.397974585251532,2.71,195094148.84900004,42.81399386435767,2303282.7873300007
2016-02-01,Cajas Municipales,1.970528709834905,14.469029413068899,6.51,16513014.00123,61.37428459086356,327624.98737000005
2016-03-01,Banca Múltiple,2.033978097555845,21.120805614507624,2.7,196922803.54100004,43.438045921366516,3383707.6749200006
2016-03-01,Cajas Municipales,1.9473639628786,14.278985899912758,6.58,16692882.432200002,61.56113266338912,500077.30984
2016-04-01,Banca Múltiple,2.0208693124256643,20.959657714851996,2.77,197823806.76299998,43.42765971832396,4487539.67091
2016-04-01,Cajas Municipales,1.9883922483159642,14.565309682366145,6.61,16899128.63905,61.61738977251975,674760.4697100001
2016-05-01,Banca Múltiple,1.9908208441714803,20.62057434763725,2.86,196429920.902,43.07268885290769,5757152.63984
2016-05-01,Cajas Municipales,1.9840299190884907,14.499496140073436,6.79,17203617.385569997,61.88376754611139,855740.68619
2016-06-01,Banca Múltiple,1.972201079909249,20.34386310858004,2.87,196119730.01599997,43.26352724314622,6968925.808939999
2016-06-01,Cajas Municipales,1.9944114717503152,14.524234326529605,6.16,17519781.493580002,62.43284360719014,1040454.0779800001
2016-07-01,Banca Múltiple,1.9626772147880132,20.164688029882697,2.85,203263776.11199996,43.1540214089791,8180801.79161
2016-07-01,Cajas Municipales,1.995986798356623,14.490554927194616,6.39,17644150.908250004,62.89202481508006,1216646.6745900002
2016-08-01,Banca Múltiple,1.9326895758360056,19.737229634150573,2.91,201980687.16300002,43.06967619286796,9360662.453660002
2016-08-01,Cajas Municipales,2.0041234974961935,14.515328799063429,6.28,17883434.97366,63.27488962759173,1410874.9568500004
2016-09-01,Banca Múltiple,1.9608310795094472,19.86131981845121,2.86,203259634.36000004,42.988771419815116,10601920.424229998
2016-09-01,Cajas Municipales,2.0271006258842412,14.646872661008882,6.14,18102762.06843,63.623182147708754,1595492.0312799998
2016-10-01,Banca Múltiple,1.9724762354332044,19.785188707877026,2.95,202409433.85399997,42.92697359859747,11861688.905250002
2016-10-01,Cajas Municipales,2.0380904613001447,14.694576461333497,6.13,18392355.67997,63.832728447389044,1792270.74813
2016-11-01,Banca Múltiple,1.986135123726382,19.716584719470433,2.96,203717871.97599998,42.932222431348194,13043348.715349998
2016-11-01,Cajas Municipales,2.0340427185100665,14.642367462437672,6.03,18774184.01063,64.05705670480188,1980959.49534
2016-12-01,Banca Múltiple,2.0232175920112305,19.860078070696904,2.8,203306394.067,43.02035262833275,14363715.398960002
2016-12-01,Cajas Municipales,2.000018353683087,14.3990773653695,5.47,19153641.631370004,64.45026560021884,2174760.8337600003
2017-01-01,Banca Múltiple,2.035873815760199,19.753190092181313,2.96,204762527.9,40.6252166471938,1281823.4428600003
2017-01-01,Cajas Municipales,1.975121914753019,14.229811410623002,5.87,19175192.76098,64.60095878558336,186856.06579000002
2017-02-01,Banca Múltiple,2.016502318509154,19.31811459173754,2.98,208516092.15600002,42.68339578509865,2368339.0864499994
2017-02-01,Cajas Municipales,1.9443958098298162,14.018913438844491,6.03,19343169.859879997,64.69938423696937,358984.97306
2017-03-01,Banca Múltiple,2.038355934529998,19.32384679122179,3.01,208122029.708,42.159825397223685,3522288.3255800004
2017-03-01,Cajas Municipales,1.9108117756633736,13.803831459630086,5.86,19620686.07296,64.88046007469714,549251.78783
2017-04-01,Banca Múltiple,2.0420318728075695,19.18950910977861,3.06,209182341.01500005,42.409701475878585,4690232.79046
2017-04-01,Cajas Municipales,1.8469325311012392,13.375684480823525,5.97,19875394.28118,64.94778208607255,726670.9591200001
2017-05-01,Banca Múltiple,2.034389513203999,18.94644925080236,3.15,208089972.317,42.27152298560834,5954575.403699999
2017-05-01,Cajas Municipales,1.851689278546085,13.465544986372297,5.95,20341498.790319994,64.65844406898225,925201.38282
2017-06-01,Banca Múltiple,2.0515860012384426,18.959223077594533,3.09,205318745.108,42.52410190902157,7104492.5767399985
2017-06-01,Cajas Municipales,1.8419962823542837,13.443534273457042,5.81,20624244.537570003,64.11558363960324,1126721.10881
2017-07-01,Banca Múltiple,2.078110197671244,19.016327215975345,3.12,207747703.236,42.32312543221953,8359635.970420002
2017-07-01,Cajas Municipales,1.8568485716847443,13.603904596449448,5.9,20904290.90057,63.74905984630536,1329380.8575499998
2017-08-01,Banca Múltiple,2.099517834930729,19.0437134081969,3.11,216096597.55100003,42.22928448842383,9598651.676100003
2017-08-01,Cajas Municipales,1.8500826786866615,13.604009029328381,5.88,21217603.122690003,63.373430073164485,1538055.79923
2017-09-01,Banca Múltiple,2.085769574025364,18.773720022472908,3.08,218108654.891,42.2374149421059,10853227.46064
2017-09-01,Cajas Municipales,1.8330061092941243,13.525500635346061,5.85,21368187.921050005,62.77888672723155,1740666.5952099997
2017-10-01,Banca Múltiple,2.0732569634005262,18.533515598619825,3.14,220523413.579,42.34429188047624,12095017.97175
2017-10-01,Cajas Municipales,1.8132795338506171,13.423067912800882,5.99,21640908.78587,62.40408276945485,1945981.55209
2017-11-01,Banca Múltiple,2.074746488768102,18.410363790107834,3.12,221573902.52499998,42.45456761923385,13256670.633019995
2017-11-01,Cajas Municipales,1.815259506191924,13.473559949220594,5.8,22005855.35477,62.384480230493956,2154622.8449899997
2017-12-01,Banca Múltiple,2.0757560603746907,18.319902098404224,3.04,221267642.987,42.498514296389935,14248942.03162
2017-12-01,Cajas Municipales,1.7411244638507504,12.951677616559628,5.42,22119186.14687,62.31510554392794,2374855.62083
2018-01-01,Banca Múltiple,2.098325177038155,18.424600931501104,3.12,225039587.618,37.35392614100105,1181139.63521
2018-01-01,Cajas Municipales,1.744995787121946,13.016539573821587,5.78,22364243.071739998,61.93514870673466,198077.29596999998
2018-02-01,Banca Múltiple,2.111368437792191,18.44178975601071,3.24,226766511.378,40.72931535848939,2242638.90049
2018-02-01,Cajas Municipales,1.7409263579280267,13.022852407274224,6.08,22570234.920820005,61.61033622259008,382476.72501999995
2018-03-01,Banca Múltiple,2.140186481759066,18.607547407876766,3.07,225413855.41400003,40.75948604326925,3503268.442420001
2018-03-01,Cajas Municipales,1.7131770958591177,12.827180024610774,6.35,22502903.50844,61.23356300049247,578964.0072
2018-04-01,Banca Múltiple,2.1651701793721183,18.700937592630538,3.11,222916781.68599996,41.33606544234934,4751291.77568
2018-04-01,Cajas Municipales,1.7270798297961447,12.9483353678164,6.49,22751240.623839997,60.98333452451402,770880.0748299999
2018-05-01,Banca Múltiple,2.1828486570580203,18.74570252310046,3.14,221717644.926,41.27714868970887,6094244.60578
2018-05-01,Cajas Municipales,1.7069253923459566,12.815126557286932,6.41,23222038.565589998,61.012202279844615,991795.78932
2018-06-01,Banca Múltiple,2.1872819396770735,18.70221727251607,3.1,223830784.80499998,41.324168708063794,7200633.96408
2018-06-01,Cajas Municipales,1.6087591240473949,12.094889271859149,6.55,23419349.91866,61.209514277000885,1190552.9895
2018-07-01,Banca Múltiple,2.185670585490028,18.603363001210813,3.18,222763360.078,41.60667294628952,8462591.83462
2018-07-01,Cajas Municipales,1.588421242702913,11.954554668172428,6.65,23577946.224880002,61.27468627072725,1411249.4482399998
2018-08-01,Banca Múltiple,2.191135552114799,18.556097031419554,3.23,226885227.32800004,41.52294659160886,9656777.190799998
2018-08-01,Cajas Municipales,1.5255715112267536,11.501605136546111,6.95,23905299.673869997,61.22453885785407,1617703.0798100003
2018-09-01,Banca Múltiple,2.2049402670785376,18.54193133613076,3.07,228935159.78300002,41.699415208395266,10874169.967109999
2018-09-01,Cajas Municipales,1.477842719092343,11.160746226652234,6.94,24034655.629580006,61.41942288802933,1825373.1657199997
2018-10-01,Banca Múltiple,2.2129743211639012,18.532116706243986,3.1,236663321.038,41.75353887679506,12161140.49426
2018-10-01,Cajas Municipales,1.4526084676290387,10.994818191204677,7.05,24260109.5513,61.28117682227726,2042378.8318399999
2018-11-01,Banca Múltiple,2.2179960493323954,18.51744134495783,3.07,240176762.647,41.92513613862368,13568325.091229998
2018-11-01,Cajas Municipales,1.4218937082598844,10.789725298367399,6.78,24766800.93329,61.20674168108396,2261927.90764
2018-12-01,Banca Múltiple,2.214365009459725,18.412344819618664,2.95,241048845.28999996,42.16538206044433,14922604.220940001
2018-12-01,Cajas Municipales,1.4647984321881948,11.137137237843643,6.5,24903878.953000005,61.277009394177526,2508558.4503699997
2019-01-01,Banca Múltiple,2.203267882710595,18.2517453306334,3.04,240371923.72,40.236712913810386,1241423.89585
2019-01-01,Cajas Municipales,1.4406945420455148,10.968058321427959,6.92,25030139.84121,61.39644712448625,204669.56468999997
2019-02-01,Banca Múltiple,2.212321750444837,18.25837803513274,3.05,241793550.78699997,42.09080121381344,2363307.7649099994
2019-02-01,Cajas Municipales,1.4239119311019957,10.847672105903367,7.21,25241403.555510003,61.62254261440528,403631.33350999997
2019-03-01,Banca Múltiple,2.210723442984137,18.19636780845851,2.99,243040755.89900002,41.013699804976184,3741707.3057899997
2019-03-01,Cajas Municipales,1.449116100461114,11.050890682891556,7.16,25239872.26379,61.8374571307734,635696.71577
2019-04-01,Banca Múltiple,2.2226422856716304,18.278624959210532,3.05,243876252.19999996,41.29356173669284,5064128.95821
2019-04-01,Cajas Municipales,1.4134342352471065,10.803301713071704,7.32,25519089.8819,61.9758363702974,848468.10383
2019-05-01,Banca Múltiple,2.2158827691987333,18.21913817155998,3.11,244926908.08499998,40.96932189275422,6462361.68541
2019-05-01,Cajas Municipales,1.3997159991971087,10.718549158537208,7.26,26030756.59395,62.00915992357292,1092631.38295
2019-06-01,Banca Múltiple,2.242039707120267,18.392727968547167,3.08,246654496.23700008,40.82607047874156,7776219.76796
2019-06-01,Cajas Municipales,1.4387078863076936,11.032140492133543,7.03,26170215.747360002,61.808155125503546,1310479.6507700002
2019-07-01,Banca Múltiple,2.2949669719516343,18.822758951888826,3.13,251276974.615,40.27229324882715,9214217.09539
2019-07-01,Cajas Municipales,1.4647239133297285,11.245855083992856,7.23,26450106.93757,61.59809309010775,1552193.9478499999
2019-08-01,Banca Múltiple,2.308582298384312,18.92917394123704,3.13,251979343.12899998,40.14761346103805,10750269.266789999
2019-08-01,Cajas Municipales,1.4797542113312658,11.368796268153677,7.27,26802132.85997,61.53069313749848,1776642.4041600002
2019-09-01,Banca Múltiple,2.3001103917170167,18.885353975142753,3.1,251716605.196,40.34394365805024,12051513.974629998
2019-09-01,Cajas Municipales,1.502644413241056,11.554051565782297,7.12,27038805.354550004,61.544159000444445,2010290.6262
2019-10-01,Banca Múltiple,2.293923020517518,18.80530848705845,3.08,255071294.004,40.514285375917446,13385761.040570006
2019-10-01,Cajas Municipales,1.5038292159229896,11.562944032586415,7.15,27205627.277599994,61.57691701661665,2243977.8912000004
2019-11-01,Banca Múltiple,2.2881532805975273,18.728998483032996,3.05,260181401.90199998,40.81543495314881,14767076.339540001
2019-11-01,Cajas Municipales,1.543724599786092,11.870038661195382,7.13,27775686.22761,61.542629565135655,2484690.5838500005
2019-12-01,Banca Múltiple,2.2469916988962875,18.34184221707481,3.02,260683242.414,41.114863178494524,15923714.02828
2019-12-01,Cajas Municipales,1.586834123891233,12.197866382662868,6.93,28086829.02214,61.32502332590484,2756672.8091700003
2020-01-01,Banca Múltiple,2.2449071657333666,18.29089337778809,3.09,263587844.21699998,39.051909595182146,1450342.7032299999
2020-01-01,Cajas Municipales,1.5806047755247485,12.15240796472876,7.32,28254552.217189997,61.33677046753962,231070.17664000002
2020-02-01,Banca Múltiple,2.2502498762997836,18.313882956954902,3.09,266741888.606,40.35498498422017,2933978.79169
2020-02-01,Cajas Municipales,1.568116830697065,12.065973584205219,7.29,28397450.93192,61.29141609710218,453019.1983
2020-03-01,Banca Múltiple,2.1189368808041067,17.16742469665391,3.15,271138267.375,41.55424108349371,4131994.7195099997
2020-03-01,Cajas Municipales,1.44992804794568,11.153511269044403,7.37,27880268.9602,61.77722404608388,650915.1375699999
2020-04-01,Banca Múltiple,1.9447212160601808,15.762729256160357,3.38,276095747.14500004,41.916435961862526,4710255.857179999
2020-04-01,Cajas Municipales,1.3994717528881013,10.747309683487655,7.32,27668341.283180002,62.469518213912245,825203.09638
2020-05-01,Banca Múltiple,1.7571719900662246,14.360052268029522,3.08,316451899.27199996,41.734276345376756,5330217.135780001
2020-05-01,Cajas Municipales,1.2779298437520183,9.800476073775204,7.27,28405442.0264,62.66021873984459,987207.71365
2020-06-01,Banca Múltiple,1.5639715555993183,12.926025990811016,3.15,321413518.4330001,41.74798109512107,5904926.569839998
2020-06-01,Cajas Municipales,1.1835352075693233,9.074801406877475,7.19,28624892.50387,62.78400986107688,1148953.96155
2020-07-01,Banca Múltiple,1.3383418628471728,11.200129273041458,3.02,333573859.925,42.21654421471774,6626152.697709999
2020-07-01,Cajas Municipales,1.0082471677642246,7.751863345935071,6.74,29817524.67836,63.108140080864594,1294064.55945
2020-08-01,Banca Múltiple,1.144954370900561,9.718197793062867,3.1,346636903.07399994,42.235626660029304,7185921.815000001
2020-08-01,Cajas Municipales,0.8744667538129127,6.7566117542954105,6.4,30558527.941070005,63.63660616510831,1447088.3431700002
2020-09-01,Banca Múltiple,0.9651373974950448,8.306155894550022,3.29,347923229.93600005,42.46482728699109,7646734.82692
2020-09-01,Cajas Municipales,0.7383964543192724,5.746721398274712,6.13,31363952.463979997,63.856706304779706,1604261.94809
2020-10-01,Banca Múltiple,0.782806263023932,6.836687229820216,3.52,350261667.4570001,42.65822609760265,8224796.93537
2020-10-01,Cajas Municipales,0.5523197033419451,4.340044664482481,5.8,31940039.718650002,64.14711098630056,1752720.75923
2020-11-01,Banca Múltiple,0.6081785865895281,5.388894107229597,3.7,354211967.2750001,42.925949043894036,8587356.335169999
2020-11-01,Cajas Municipales,0.371327287027655,2.9486695666972795,5.53,32621239.11933999,64.32296768003197,1919110.7785
2020-12-01,Banca Múltiple,0.4396237614721108,3.9579472993479574,3.8,358127876.507,43.40084747002116,8986079.94782
2020-12-01,Cajas Municipales,0.2606283461173754,2.0943848510833525,5.08,33073483.47359,64.28424622915807,2117249.3176199994
2021-01-01,Banca Múltiple,0.3379849888536323,3.0949815555106652,3.84,357562623.7350001,41.1863862165515,779733.4544899998
2021-01-01,Cajas Municipales,0.15485656950407106,1.2577040625523501,5.21,32569860.746620003,64.77443678228278,182837.91338999997
2021-02-01,Banca Múltiple,0.24080856100844417,2.245939278445294,3.84,360079969.17200005,44.849453025392634,1478928.3408899996
2021-02-01,Cajas Municipales,0.03509971158191942,0.2884086827486354,5.66,32847107.18176,65.3806214460177,340291.52530000004
2021-03-01,Banca Múltiple,0.2521489192769119,2.391099170068458,3.75,354520958.41400003,45.547029252610166,2536396.0231600003
2021-03-01,Cajas Municipales,-0.01253501050987588,-0.10436086920985659,5.97,32646511.36782,65.1557504311597,508921.2056
2021-04-01,Banca Múltiple,0.3192187896622413,3.0650935943814366,3.63,352039823.546,46.02297896415913,3700310.2186399996
2021-04-01,Cajas Municipales,-0.08979915664738633,-0.7570691330666992,6.15,32446074.000559997,64.9528572243188,664956.0406599998
2021-05-01,Banca Múltiple,0.4008933530268596,3.865639487377923,3.57,351736362.80799997,45.835145576804024,4771534.617900001
2021-05-01,Cajas Municipales,-0.13480634100121544,-1.147974613460124,6.27,32322192.38148,64.94606954071814,834751.5674999999
2021-06-01,Banca Múltiple,0.49248062719295727,4.768795497666948,3.6,355547902.50399995,45.49361205947676,6023226.708909998
2021-06-01,Cajas Municipales,-0.1881575518364148,-1.6171249495088427,5.86,32073925.26112,64.95729551847744,1002793.2360800001
2021-07-01,Banca Múltiple,0.6099036804344184,5.923391696309954,3.66,356225102.20299995,45.29712095133377,7571206.74994
2021-07-01,Cajas Municipales,-0.1537400944501411,-1.3316731010455958,6.11,32281745.039699998,65.00882868903014,1204989.739
2021-08-01,Banca Múltiple,0.7248888131088589,7.058650013878929,3.7,354684254.85400003,45.40514688569843,8998228.01164
2021-08-01,Cajas Municipales,-0.0946258858236444,-0.8245933498052854,5.91,32501086.707420003,64.76384666434238,1407518.0794599997
2021-09-01,Banca Múltiple,0.8551859550643489,8.340476181664105,3.73,345910307.32299995,45.883317191047155,10466154.163279997
2021-09-01,Cajas Municipales,-0.04193621857004252,-0.36723383651977254,5.77,32858354.153169993,64.63375079817172,1625956.8564699998
2021-10-01,Banca Múltiple,1.0279140658349923,10.012839541765738,3.84,346141570.18299997,46.445043579183015,11998052.503829999
2021-10-01,Cajas Municipales,0.09225130819687921,0.8093434053674018,5.75,32709259.646369997,64.45087517746664,1862082.5815000003
2021-11-01,Banca Múltiple,1.1824418735079263,11.485350453355316,3.84,343303007.45,46.39099767741696,13666088.8686
2021-11-01,Cajas Municipales,0.2387967773981686,2.095990635593866,5.56,33026795.00616,64.33751759601584,2112783.42136
2021-12-01,Banca Múltiple,1.3751487272330492,13.28815467050972,3.77,342716152.77800006,46.63100470870584,15643725.75637
2021-12-01,Cajas Municipales,0.3517289581675232,3.0847589903322405,5.04,33344849.1886,63.51258534103606,2401159.6624999996
2022-01-01,Banca Múltiple,1.4610811448508647,14.018477258307563,3.88,348780536.42499995,43.14528876465932,1114496.5226200002
2022-01-01,Cajas Municipales,0.4246607941821747,3.721708327505223,5.44,33091050.68792999,63.17715324481473,249919.99876999998
2022-02-01,Banca Múltiple,1.5624309197652462,14.847228322878184,3.83,351876647.71299994,44.70602193566841,2215378.14874
2022-02-01,Cajas Municipales,0.5031000880674289,4.400182374202748,5.57,33161856.262009997,62.88114744593862,466942.43292999995
2022-03-01,Banca Múltiple,1.6721517473193646,15.781917203546397,3.81,346758207.15599996,43.80731489539198,3979412.5666699996
2022-03-01,Cajas Municipales,0.6181308399407062,5.396798925595949,5.59,33203966.95732,62.28567356806214,719179.44393
2022-04-01,Banca Múltiple,1.7610507472961785,16.5240260018815,3.76,336768351.2110001,42.87064762512248,5508667.601889998
2022-04-01,Cajas Municipales,0.7357207121940417,6.3929527726998305,5.6,33735102.22847,61.4431658421042,949576.81054
2022-05-01,Banca Múltiple,1.8125904185700494,16.892839931510434,3.8,336014645.0200001,43.033889463872946,7050584.0911799995
2022-05-01,Cajas Municipales,0.8827567296930062,7.639107241731733,5.51,34100901.10282001,61.074794095975406,1202621.83634
2022-06-01,Banca Múltiple,1.8692434969595253,17.287932167749457,3.83,337850741.889,43.02187051793376,8550227.702300001
2022-06-01,Cajas Municipales,0.9961500687277567,8.592480364564478,5.44,34543250.23457,60.82835269088246,1449441.4205999998
2022-07-01,Banca Múltiple,1.9089012230362616,17.518901270406136,3.83,339509443.976,42.826586785190216,10197782.43073
2022-07-01,Cajas Municipales,1.0438091665482299,8.975341687916211,5.61,35173672.36009001,60.44144415383401,1690885.1438399998
2022-08-01,Banca Múltiple,1.9551558826923665,17.74959569715133,3.93,339312628.575,42.603721975895795,11715015.64068
2022-08-01,Cajas Municipales,1.078723343681075,9.246167458676782,5.64,35522150.08124,60.098110031874505,1945920.2030299997
2022-09-01,Banca Múltiple,1.9963710812891309,17.96584219251388,3.97,338730798.706,42.42095398986196,13079927.337709999
2022-09-01,Cajas Municipales,1.0932065504137953,9.340703567548521,5.69,35988993.25678,60.06242398522501,2197443.9887800002
2022-10-01,Banca Múltiple,1.9759902865179333,17.661184950386318,4.03,337344452.583,42.40308460974319,14666345.35442
2022-10-01,Cajas Municipales,1.1113184612369738,9.482228850505228,5.9,36352794.913279995,59.98215741561354,2448017.20776
2022-11-01,Banca Múltiple,1.987993375492541,17.612926992440066,4.0,335124050.98399985,42.38357208372074,16125013.923170002
2022-11-01,Cajas Municipales,1.064742422970056,9.074022289885113,5.92,37038652.31171001,59.90956681784769,2705340.92648
2022-12-01,Banca Múltiple,1.9669509161127123,17.268288585434135,3.95,331259124.33899987,42.518649280536984,17677123.83764
2022-12-01,Cajas Municipales,1.0292253885339535,8.756583430948385,5.38,37262870.77623999,60.7823879694132,3028934.84374
2023-01-01,Banca Múltiple,2.0064895189157594,17.473374617719276,4.01,335211562.17600006,38.63157111328473,1424863.75734
2023-01-01,Cajas Municipales,1.0092348280913765,8.577787598753488,5.79,37244233.22745999,60.79046985511049,240642.31321000002
2023-02-01,Banca Múltiple,2.0056907804508266,17.329363736797294,4.01,335836117.9039999,40.91317390251118,2772445.323269999
2023-02-01,Cajas Municipales,0.9650077349623483,8.196739068363344,5.82,37415945.972839996,60.62490882539776,448815.6902699999
2023-03-01,Banca Múltiple,2.0103013349466523,17.260950876648625,3.96,337966776.78699994,40.5620275680549,4232635.386880001
2023-03-01,Cajas Municipales,0.9484891679473115,8.052436046541201,5.67,37799074.90289,60.87776946475191,708979.21646
2023-04-01,Banca Múltiple,1.985483811191756,16.884362320618482,4.01,333434585.2240001,40.874443072785894,5522594.56935
2023-04-01,Cajas Municipales,0.909432014675441,7.7434472938005605,5.68,37921624.26966,61.35106689546215,963591.2911100001
2023-05-01,Banca Múltiple,2.0135149424875696,16.966067460620867,4.05,330345155.705,40.67317428247317,6925705.577260001
2023-05-01,Cajas Municipales,0.8587100944148652,7.342761664242277,5.65,38259716.6352,61.37974817579512,1217044.0428900002
2023-06-01,Banca Múltiple,2.021213129804729,16.852229170085884,4.07,334555814.174,40.3565439719702,7970148.1142299995
2023-06-01,Cajas Municipales,0.801146271547256,6.87779812509341,5.68,38600518.401470006,61.665922727717145,1462104.7299000002
2023-07-01,Banca Múltiple,2.0008882628676017,16.487367529576197,4.24,337486922.3820001,40.37614781107522,9105147.74468
2023-07-01,Cajas Municipales,0.7443673069794785,6.412294874032557,5.95,38841284.35695999,61.677877480958124,1703589.4223300002
2023-08-01,Banca Múltiple,1.9809797656428576,16.149263914503607,4.3,338744856.34300005,40.35696630096923,10380039.651279997
2023-08-01,Cajas Municipales,0.6568118430955873,5.68175845165204,5.65,39243989.191719994,61.600132790737675,1932388.19262
2023-09-01,Banca Múltiple,1.9423306560916893,15.654116066394275,4.29,335028238.86399996,40.549209110384496,11439771.533669997
2023-09-01,Cajas Municipales,0.5930696096965362,5.152773709684393,5.7,39662766.131349996,61.47645471476666,2165679.0668399995
2023-10-01,Banca Múltiple,1.8727962808185734,14.952051340596487,4.38,335921722.78300005,40.653857780304534,12451751.23519
2023-10-01,Cajas Municipales,0.5292209237365696,4.6150685822868605,5.89,39810016.74774001,61.43255162418419,2417752.0894000004
2023-11-01,Banca Múltiple,1.8445145280942241,14.612582257587981,4.38,338612994.16499996,40.6623595140328,13720180.579090001
2023-11-01,Cajas Municipales,0.4772954564687294,4.17941333529646,5.92,40468751.97920999,61.35901488195513,2667355.41366
2023-12-01,Banca Múltiple,1.8144272539687158,14.290205924151614,4.3100000000000005,342628107.14599997,40.82851268516333,14911083.522639997
2023-12-01,Cajas Municipales,0.3869384078557696,3.4063778372821423,5.71,40808115.794929996,61.46062242205619,2966298.21811
2024-01-01,Banca Múltiple,1.7839410451551088,13.93678759079155,4.42,343964092.896,36.9170028599975,1083631.58585
2024-01-01,Cajas Municipales,0.3456474722079334,3.06173581469268,6.14,41056205.43558001,60.89669821077474,211670.10349
2024-02-01,Banca Múltiple,1.7724071128945025,13.770121708223995,4.43,344807313.0759999,39.00552396949659,2355423.8768599997
2024-02-01,Cajas Municipales,0.3331878154383708,2.9693332675359354,6.39,41148425.20791999,60.70003301054698,415013.82149
2024-03-01,Banca Múltiple,1.713004215998753,13.301840619413955,4.47,345433932.453,39.342064901603706,3416276.0391200003
2024-03-01,Cajas Municipales,0.2685224983516835,2.4089095331189583,6.79,41493298.77411999,60.302026252616756,642356.58728
2024-04-01,Banca Múltiple,1.707616849827334,13.275773396968516,4.46,343073349.46300006,39.448744934895146,4373104.809729999
2024-04-01,Cajas Municipales,0.25388645071397387,2.2929180521070833,6.83,41712402.186739996,59.87335446297387,888377.7495599999
2024-05-01,Banca Múltiple,1.6148031163196033,12.597579270525644,4.49,344139454.435,39.897303148226584,5610174.940120001
2024-05-01,Cajas Municipales,0.2552780331640769,2.3200360106519593,7.02,42375685.658549994,59.705502268687106,1148081.6011100002
2024-06-01,Banca Múltiple,1.6176648610517426,12.627240328641195,4.42,358067486.4789999,39.761981391335894,6857518.3385000015
2024-06-01,Cajas Municipales,0.28674072579550813,2.6225403341641087,7.050016950220532,42663836.44631,59.188986008427925,1393570.7839099998
2024-07-01,Banca Múltiple,1.6533862450359642,12.974488429388115,4.43,351614038.413,39.57552821129974,8750550.063739998
2024-07-01,Cajas Municipales,0.3564826876251062,3.293157548717307,6.43,42937841.87687001,59.03887049132216,1656456.24449
2024-08-01,Banca Múltiple,1.6955393636053935,13.329652917018079,4.22,350450553.607,39.54582060440888,10343945.733439999
2024-08-01,Cajas Municipales,0.44333713880423503,4.1307412635260565,6.43,42974687.01637,58.86441032514455,1936785.6398699998
2024-09-01,Banca Múltiple,1.7445873843642636,13.729051525828712,4.17,347818546.63199997,39.68307969259658,12179880.184899999
2024-09-01,Cajas Municipales,0.5570363126186627,5.230743229392135,6.390000000000001,43538828.94914,58.5180659000058,2236108.66535
2024-10-01,Banca Múltiple,1.8256939619074313,14.386483523167378,4.07,349535721.73999995,40.00366809754063,13365682.007269999
2024-10-01,Cajas Municipales,0.6367943723831702,6.0234692272689285,6.2700000000000005,43676225.261800006,58.032992395231176,2537748.49679
2024-11-01,Banca Múltiple,1.8696437478311063,14.745520066518688,3.92,345471515.622,40.32532272468135,15197927.029839994
2024-11-01,Cajas Municipales,0.7065082079952685,6.718441280548189,6.28,44003138.75645,57.86803405028395,2845516.19815
2024-12-01,Banca Múltiple,1.9403572775042395,15.31964222277273,3.75,347421676.491,40.7247845104974,16938391.27438
2024-12-01,Cajas Municipales,0.8290300839657897,7.916163807130165,5.98,44106541.16805,57.347458896885286,3228963.5510699996
2025-01-01,Banca Múltiple,2.003899511966449,15.812339068059611,3.7600000000000002,353794217.9519999,37.80669494162171,1983986.4672899998
2025-01-01,Cajas Municipales,0.8981488103184653,8.597625002815661,6.22,43900844.94736999,57.10630967281934,309648.91348000005
2025-02-01,Banca Múltiple,2.046507499779754,16.131414944392887,3.67,353134262.305,39.73617397443624,3771985.3999800007
2025-02-01,Cajas Municipales,0.9724201914277945,9.322199513709355,6.4,43750590.32697,56.68743421019584,598366.73749
2025-03-01,Banca Múltiple,2.1285764474482867,16.734039705549705,3.71,353654233.1190001,40.41137732786352,5483444.661509999
2025-03-01,Cajas Municipales,1.0822883177217344,10.382205342206072,6.38,43693122.803550005,56.27204926930015,934588.24605
2025-04-01,Banca Múltiple,2.1673760019343176,16.983838517071646,3.65,352182190.3160001,40.674367797144235,7410476.218469999
2025-04-01,Cajas Municipales,1.17502098777466,11.271440577612285,6.16,43792988.101059996,55.74006255260726,1271575.8002599997
2025-05-01,Banca Múltiple,2.287819885540547,17.877812005032915,3.6,352531971.76800007,40.61537279346584,9430675.83292
2025-05-01,Cajas Municipales,1.2682019552676809,12.155973141988964,6.12,44419355.49462001,55.14211012191234,1625486.00199
2025-06-01,Banca Múltiple,2.373735761768878,18.412886355965796,3.5,354978929.51400006,40.256078960131134,11826435.811080001
2025-06-01,Cajas Municipales,1.3531611739575498,12.949420928399666,6.1000000000000005,44737515.75109,54.81192793381348,1973844.5934799998
2025-07-01,Banca Múltiple,2.3967770852846937,18.48817154159887,3.52,358678482.443,40.38502675343259,13641320.565210002
2025-07-01,Cajas Municipales,1.4584176019976567,13.868331922018209,6.13,44922169.852910005,54.29524499593049,2346810.9306799998
2025-08-01,Banca Múltiple,2.4191170816880248,18.542635513945033,3.46,357709300.2419999,40.446914865155726,15789301.172349999
2025-08-01,Cajas Municipales,1.5651801309804043,14.791738049405131,6.09,45416744.154079996,53.8542664048117,2718928.68709
2025-09-01,Banca Múltiple,2.4525602844194117,18.69606027012613,3.41,357321972.42899996,40.681650511117105,17947264.831270006
2025-09-01,Cajas Municipales,1.6422190612160188,15.410619573632541,5.91,45797736.432110004,53.61556023136406,3106481.0639799996
2025-10-01,Banca Múltiple,2.503578030668624,18.942632646711765,3.39,359835833.70800006,40.851326883254515,20118155.01451
2025-10-01,Cajas Municipales,1.699946507799302,15.835320085274121,5.7700000000000005,46054163.34945,53.54467565376181,3492511.304530001
2025-11-01,Banca Múltiple,2.5307232453856376,19.02762277951541,3.2600000000000002,364586556.6470001,41.161863820143246,21937057.919619996
2025-11-01,Cajas Municipales,1.7734053347670604,16.416800157527767,5.53,46669586.01551,53.28882777512679,3876444.88928
2025-12-01,Banca Múltiple,2.5400126622273134,18.984052573517012,3.2600000000000002,372648105.9790001,41.50790026815418,23909804.67280999
2025-12-01,Cajas Municipales,1.8343918523537517,16.837820614882844,5.5,45976941.98504999,53.6777364086809,4249700.940140001
