fecha,diferencia_roa,diferencia_roe,diferencia_morosidad,diferencia_tamano_activo,diferencia_ratio_eficiencia_operativa,diferencia_margen_financiero_neto
2015-01-01,0.2589176970334166,7.300060669979567,-4.07,136174741.81854996,-23.56354204625844,922919.9427
2015-02-01,0.24209341633356063,7.244720168627385,-4.78,137128171.80764,-18.739161383321395,1586783.6942900005
2015-03-01,0.18133631063157107,6.875600120056417,-3.87,147620651.38386,-19.607585783732127,2475368.4449000005
2015-04-01,0.18054413144298675,6.9916867911722775,-3.94,149869585.45876002,-19.106165136185034,3181556.0787800006
2015-05-01,0.21453243774313036,7.507642861855263,-4.09,152802194.30563995,-18.693232326683102,3937206.8166699987
2015-06-01,0.1527136489564076,7.084226955089498,-3.9099999999999997,153711534.85091996,-18.41767189542697,4708264.68352
2015-07-01,0.13154513144871505,6.909405666750542,-3.72,159599679.87416,-17.987281193864128,5567702.82477
2015-08-01,0.13084686342572605,7.066845764017492,-3.8499999999999996,160890741.29863003,-18.37245402539896,6451877.885689998
2015-09-01,0.1500515163532996,7.222983117108727,-3.9399999999999995,167594386.71243,-18.50957623245862,7334634.696350003
2015-10-01,0.13125720279138875,7.144069903289687,-3.9099999999999997,170470406.80245003,-18.787255542157325,8269746.224559999
2015-11-01,0.16735852528743433,7.511253336274619,-3.9799999999999995,173423983.46942002,-18.71570236726661,9192018.399
2015-12-01,0.16707378402854367,7.605231092124848,-3.42,174117456.40511,-18.22559771223716,10185975.773449998
2016-01-01,0.09283372975712689,6.881009831785242,-3.86,176507188.65260002,-19.304103932247195,1042181.3671100002
2016-02-01,0.09276198488779741,6.928945172182628,-3.8,178581134.84777004,-18.56029072650589,1975657.7999600007
2016-03-01,0.0866141346772451,6.841819714594866,-3.88,180229921.10880002,-18.123086742022593,2883630.365080001
2016-04-01,0.032477064109700304,6.394348032485857,-3.8400000000000003,180924678.12395,-18.189730054195792,3812779.2012
2016-05-01,0.006790925082989618,6.121078207563812,-3.93,179226303.51643002,-18.811078693203704,4901411.9536500005
2016-06-01,-0.0222103918410661,5.819628782050438,-3.29,178599948.52242,-19.169316364043915,5928471.730959999
2016-07-01,-0.03330958356861036,5.6741331026880815,-3.5399999999999996,185619625.20374998,-19.738003406100965,6964155.11702
2016-08-01,-0.07143392166018736,5.221900835087146,-3.37,184097252.18934,-20.205213434723774,7949787.496810001
2016-09-01,-0.06626954637479354,5.214447157442329,-3.28,185156872.29157004,-20.63441072789363,9006428.392949998
2016-10-01,-0.06561422586694032,5.090612246543527,-3.1799999999999997,184017078.17403,-20.905754848791567,10069418.157120002
2016-11-01,-0.04790759478368445,5.074217257032764,-3.0700000000000003,184943687.96537,-21.124834273453686,11062389.220009997
2016-12-01,0.023199238328143412,5.461000705327404,-2.67,184152752.43563,-21.42991297188609,12188954.565200001
2017-01-01,0.060751901007179976,5.523378681558315,-2.91,185587335.13902,-23.975742138389556,1094967.3770700004
2017-02-01,0.07210650867933821,5.299201152893048,-3.0500000000000003,189172922.29612,-22.01598845187072,2009354.1133899998
2017-03-01,0.1275441588666244,5.520015331591704,-2.8500000000000005,188501343.63504001,-22.720634677473456,2973036.53775
2017-04-01,0.1950993417063298,5.813824628955084,-2.9099999999999997,189306946.73382005,-22.538080610193965,3963561.8313399996
2017-05-01,0.18270023465791385,5.480904264430064,-2.8000000000000003,187748473.52668,-22.386921083373906,5029374.020879999
2017-06-01,0.20958971888415867,5.515688804137492,-2.7199999999999998,184694500.57043,-21.591481730581677,5977771.467929999
2017-07-01,0.22126162598649946,5.412422619525897,-2.7800000000000002,186843412.33543,-21.42593441408583,7030255.112870002
2017-08-01,0.24943515624406798,5.439704378868521,-2.77,194878994.42831004,-21.144145584740656,8060595.876870004
2017-09-01,0.2527634647312398,5.2482193871268485,-2.7699999999999996,196740466.96995,-20.54147178512565,9112560.865430001
2017-10-01,0.2599774295499093,5.110447685818944,-2.85,198882504.79312998,-20.05979088897861,10149036.41966
2017-11-01,0.2594869825761781,4.936803840887244,-2.6799999999999997,199568047.17023,-19.929912611260114,11102047.788029997
2017-12-01,0.33463159652394037,5.368224481844596,-2.38,199148456.84013,-19.816591247538007,11874086.41079
2018-01-01,0.3533293899162089,5.408061357679516,-2.66,202675344.54626,-24.58122256573361,983062.33924
2018-02-01,0.37044207986416433,5.4189373487364865,-2.84,204196276.45718,-20.88102086410069,1860162.17547
2018-03-01,0.4270093858999482,5.780367383265995,-3.28,202910951.90556005,-20.474076957223218,2924304.4352200013
2018-04-01,0.4380903495759736,5.752602224814135,-3.3800000000000003,200165541.06216,-19.647269082164684,3980411.70085
2018-05-01,0.4759232647120637,5.930575965813526,-3.27,198495606.36041,-19.735053590135742,5102448.81646
2018-06-01,0.5785228156296782,6.607328000656921,-3.4499999999999997,200411434.88634002,-19.88534556893709,6010080.97458
2018-07-01,0.5972493427871151,6.648808333038385,-3.47,199185413.85312,-19.66801332443773,7051342.386380001
2018-08-01,0.6655640408880452,7.054491894873442,-3.72,202979927.65413004,-19.701592266245214,8039074.110989997
2018-09-01,0.7270975479861945,7.381185109478524,-3.8700000000000006,204900504.15341997,-19.720007679634058,9048796.80139
2018-10-01,0.7603658535348621,7.537298515039307,-3.9499999999999997,212403211.4867,-19.527637945482198,10118761.66242
2018-11-01,0.7961023410725114,7.72771604659043,-3.7100000000000004,215409961.71371,-19.281605542460284,11306397.183589999
2018-12-01,0.7495665772715301,7.275207581775019,-3.55,216144966.33699998,-19.111627333733196,12414045.770569999
2019-01-01,0.7625733406650803,7.28368700920544,-3.88,215341783.87879,-21.159734210675857,1036754.33116
2019-02-01,0.7884098193428415,7.410705929229373,-4.16,216552147.23149,-19.53174140059184,1959676.4313999994
2019-03-01,0.7616073425230232,7.145477125566956,-4.17,217800883.63520998,-20.823757325797224,3106010.59002
2019-04-01,0.809208050424524,7.475323246138824,-4.2700000000000005,218357162.31809998,-20.682274633604564,4215660.854379999
2019-05-01,0.8161667700016244,7.500589013022772,-4.15,218896151.49105,-21.0398380308187,5369730.30246
2019-06-01,0.8033318208125733,7.360587476413622,-3.95,220484280.4896401,-20.982084646761983,6465740.11719
2019-07-01,0.8302430586219058,7.576903867895966,-4.1000000000000005,224826867.67743,-21.325799841280606,7662023.147539999
2019-08-01,0.828828087053046,7.560377673083362,-4.14,225177210.26903,-21.383079676460433,8973626.86263
2019-09-01,0.7974659784759608,7.331302409360459,-4.02,224677799.84145,-21.200215342394202,10041223.348429998
2019-10-01,0.7900938045945283,7.242364454472035,-4.07,227865666.72640002,-21.062631640699202,11141783.149370005
2019-11-01,0.7444286808114358,6.858959821837617,-4.08,232405715.67439002,-20.727194611986846,12282385.75569
2019-12-01,0.6601575750050546,6.1439758344119415,-3.9099999999999997,232596413.39186,-20.210160147410306,13167041.219109999
2020-01-01,0.6643023902086183,6.138485413059332,-4.23,235333291.99981,-22.28486087235747,1219272.5265900001
2020-02-01,0.682133045602719,6.247909372749682,-4.2,238344437.67408,-20.936431112882012,2480959.59339
2020-03-01,0.6690088328584267,6.013913427609506,-4.220000000000001,243257998.4148,-20.222982962590173,3481079.5819400004
2020-04-01,0.5452494631720797,5.0154195726727,-3.9400000000000004,248427405.86182004,-20.55308225204972,3885052.7607999993
2020-05-01,0.47924214631420625,4.559576194254317,-4.1899999999999995,288046457.2456,-20.925942394467825,4343009.422130001
2020-06-01,0.38043634802999504,3.85122458393354,-4.040000000000001,292788625.9291301,-21.036028765955813,4755972.608289998
2020-07-01,0.3300946950829482,3.4482659271063874,-3.72,303756335.24664,-20.89159586614685,5332088.138259999
2020-08-01,0.27048761708764824,2.961586038767458,-3.3000000000000003,316078375.1329299,-21.400979505079015,5738833.471830001
2020-09-01,0.22674094317577242,2.55943449627531,-2.84,316559277.47202003,-21.391879017788618,6042472.87883
2020-10-01,0.23048655968198684,2.4966425653377344,-2.28,318321627.7383501,-21.48888488869791,6472076.17614
2020-11-01,0.23685129956187306,2.4402245405323177,-1.83,321590728.1556601,-21.397018636137922,6668245.556669999
2020-12-01,0.1789954153547354,1.8635624482646045,-1.2800000000000002,325054393.03341,-20.88339875913691,6868830.6302000005
2021-01-01,0.1831284193495613,1.8372774929583149,-1.37,324992762.9883801,-23.58805056573128,596895.5410999998
2021-02-01,0.2057088494265247,1.9575305956966584,-1.8200000000000003,327232861.99024004,-20.531168420625058,1138636.8155899995
2021-03-01,0.26468392978678773,2.4954600392783144,-2.2199999999999998,321874447.04618,-19.608721178549537,2027474.8175600003
2021-04-01,0.4090179463096276,3.822162727448136,-2.5200000000000005,319593749.54544,-18.929878260159676,3035354.17798
2021-05-01,0.5356996940280749,5.013614100838048,-2.6999999999999997,319414170.42652005,-19.110923963914125,3936783.050400001
2021-06-01,0.6806381790293721,6.385920447175791,-2.2600000000000002,323473977.2428799,-19.463683459000677,5020433.472829998
2021-07-01,0.7636437748845596,7.2550647973555495,-2.45,323943357.1632999,-19.711707737696372,6366217.0109399995
2021-08-01,0.8195146989325033,7.8832433636842145,-2.21,322183168.14658004,-19.358699778643953,7590709.93218
2021-09-01,0.8971221736343914,8.707710018183878,-2.0399999999999996,313051953.16982996,-18.750433607124556,8840197.306809995
2021-10-01,0.9356627576381131,9.203496136398336,-1.9100000000000001,313432310.53663003,-18.005831598283628,10135969.92233
2021-11-01,0.9436450961097579,9.38935981776145,-1.7199999999999998,310276212.44383997,-17.94651991859888,11553305.447239999
2021-12-01,1.023419769065526,10.20339568017748,-1.27,309371303.58940005,-16.88158063233022,13242566.09387
2022-01-01,1.03642035066869,10.296768930802342,-1.5600000000000005,315689485.73706996,-20.031864480155413,864576.5238500002
2022-02-01,1.0593308316978174,10.447045948675436,-1.7400000000000002,318714791.45098996,-18.175125510270213,1748435.71581
2022-03-01,1.0540209073786584,10.385118277950447,-1.7799999999999998,313554240.19868004,-18.478358672670154,3260233.12274
2022-04-01,1.0253300351021368,10.131073229181666,-1.8399999999999999,303033248.9825301,-18.57251821698172,4559090.791349998
2022-05-01,0.929833688877043,9.253732689778701,-1.71,301913743.91718006,-18.040904632102453,5847962.2548400005
2022-06-01,0.8730934282317685,8.695451803184978,-1.6100000000000003,303307491.65443003,-17.806482172948698,7100786.281700001
2022-07-01,0.8650920564880316,8.543559582489925,-1.7800000000000002,304335771.61591,-17.614857368643797,8506897.28689
2022-08-01,0.8764325390112915,8.50342823847455,-1.7099999999999995,303790478.49376,-17.494388055978703,9769095.43765
2022-09-01,0.9031645308753358,8.62513862496536,-1.7200000000000002,302741805.44921994,-17.641469995363053,10882483.348930001
2022-10-01,0.8646718252809595,8.17895609988109,-1.87,300991657.66972,-17.579072805870354,12218328.14666
2022-11-01,0.923250952522485,8.538904702554953,-1.92,298085398.67228985,-17.525994734126947,13419672.996690001
2022-12-01,0.9377255275787588,8.51170515448575,-1.4299999999999997,293996253.5627599,-18.263738688876224,14648188.9939
2023-01-01,0.9972546908243831,8.895587018965788,-1.7800000000000002,297967328.9485401,-22.15889874182576,1184221.44413
2023-02-01,1.0406830454884783,9.13262466843395,-1.8100000000000005,298420171.9311599,-19.711734922886578,2323629.6329999994
2023-03-01,1.0618121669993408,9.208514830107424,-1.71,300167701.88411,-20.315741896697006,3523656.1704200013
2023-04-01,1.0760517965163152,9.140915026817922,-1.67,295512960.9543401,-20.47662382267626,4559003.27824
2023-05-01,1.1548048480727044,9.62330579637859,-1.6000000000000005,292085439.06979996,-20.706573893321952,5708661.5343700005
2023-06-01,1.2200668582574732,9.974431044992475,-1.6099999999999994,295955295.77253,-21.30937875574695,6508043.384329999
2023-07-01,1.2565209558881232,10.07507265554364,-1.71,298645638.0250401,-21.30172966988291,7401558.32235
2023-08-01,1.3241679225472702,10.467505462851566,-1.3500000000000005,299500867.15128005,-21.24316648976845,8447651.458659995
2023-09-01,1.3492610463951529,10.501342356709884,-1.4100000000000001,295365472.73265004,-20.927245604382165,9274092.466829997
2023-10-01,1.3435753570820035,10.336982758309627,-1.5099999999999998,296111706.03526,-20.778693843879665,10033999.14579
2023-11-01,1.3672190716254944,10.433168922291518,-1.54,298144242.18579006,-20.696655367922332,11052825.165429998
2023-12-01,1.4274888461129465,10.883828086869471,-1.3999999999999995,301819991.35107005,-20.632109736892858,11944785.304529995
2024-01-01,1.4382935729471753,10.87505177609887,-1.7199999999999998,302907887.46042,-23.979695350777234,871961.4823599999
2024-02-01,1.4392192974561318,10.800788440688061,-1.96,303658887.8680799,-21.694509041050388,1940410.0553700002
2024-03-01,1.4444817176470695,10.892931086294997,-2.3200000000000003,303940633.67888004,-20.959961351013057,2773919.45184
2024-04-01,1.4537303991133603,10.982855344861433,-2.37,301360947.2762601,-20.424609528078726,3484727.060169999
2024-05-01,1.3595250831555263,10.277543259873685,-2.5299999999999994,301763768.77645,-19.808199120460536,4462093.339010001
2024-06-01,1.3309241352562344,10.004699994477088,-2.630016950220532,315403650.0326899,-19.427004617092038,5463947.554590002
2024-07-01,1.296903557410858,9.681330880670808,-2.0,308676196.53612995,-19.463342280022417,7094093.819249999
2024-08-01,1.2522022248011586,9.198911653492024,-2.21,307475866.59063,-19.318589720735666,8407160.093570001
2024-09-01,1.187551071745601,8.498308296436576,-2.2200000000000006,304279717.68286,-18.834986207409223,9943771.519550001
2024-10-01,1.1888995895242613,8.363014295898449,-2.2,305859496.47819996,-18.029324297690543,10827933.510480002
2024-11-01,1.1631355398358378,8.027078785970499,-2.3600000000000003,301468376.86555,-17.542711325602603,12352410.831689995
2024-12-01,1.1113271935384499,7.403478415642565,-2.2300000000000004,303315135.32295,-16.622674386387885,13709427.723309997
2025-01-01,1.1057507016479837,7.214714065243951,-2.46,309893373.0046299,-19.299614731197636,1674337.55381
2025-02-01,1.0740873083519598,6.8092154306835315,-2.7300000000000004,309383671.97803,-16.951260235759598,3173618.662490001
2025-03-01,1.0462881297265523,6.351834363343633,-2.67,309961110.3154501,-15.860671941436628,4548856.415459999
2025-04-01,0.9923550141596575,5.712397939459363,-2.5100000000000002,308389202.2149401,-15.06569475546302,6138900.418209999
2025-05-01,1.019617930272866,5.721838863043951,-2.52,308112616.27338004,-14.526737328446501,7805189.83093
2025-06-01,1.0205745878113284,5.463465427566133,-2.6000000000000005,310241413.76291007,-14.555848973682345,9852591.2176
2025-07-01,0.9383594832870368,4.619839619580661,-2.61,313756312.59009004,-13.910218242497898,11294509.63453
2025-08-01,0.8539369507076204,3.7508974645399054,-2.63,312292556.08791995,-13.407351539655977,13070372.48526
2025-09-01,0.8103412232033933,3.2854406964935894,-2.5,311524235.99689,-12.933909720246945,14840783.767290005
2025-10-01,0.8036315228693223,3.107312561437645,-2.3800000000000003,313781670.3585501,-12.693348770507285,16625643.709979998
2025-11-01,0.7573179106185772,2.6108226219876443,-2.2700000000000005,317916970.63149005,-12.126963954983545,18060613.03034
2025-12-01,0.7056208098735615,2.1462319586341643,-2.24,326671163.9939501,-12.16983614052672,19660103.732669987
